Daniel Gray,2110472,d.gray@randatmail.com,681-7854-69
Valeria Cunningham,4017507,v.cunningham@randatmail.com,839-1990-44
Jordan Kelley,6628908,j.kelley@randatmail.com,200-4082-10
Audrey Higgins,2873310,a.higgins@randatmail.com,579-3856-98
Heather Smith,9215107,h.smith@randatmail.com,922-7975-74
Amelia Carroll,2278536,a.carroll@randatmail.com,709-8838-07
Joyce Kelly,5822839,j.kelly@randatmail.com,765-2038-11
Charlotte Richards,1934652,c.richards@randatmail.com,631-9071-31
Tony Ellis,9925952,t.ellis@randatmail.com,048-6171-55
Adam West,3595168,a.west@randatmail.com,938-6472-46
Alan Cameron,9748210,a.cameron@randatmail.com,843-3288-25
Fenton Reed,3529786,f.reed@randatmail.com,539-1678-45
Oliver Walker,2626248,o.walker@randatmail.com,982-3681-85
Michelle Watson,4429520,m.watson@randatmail.com,088-9475-24
Kristian Gray,4381667,k.gray@randatmail.com,075-8695-04
Lilianna Murphy,6392752,l.murphy@randatmail.com,823-5790-92
Elian Hawkins,7675175,e.hawkins@randatmail.com,895-3447-12
Albert Stewart,2588505,a.stewart@randatmail.com,010-9758-03
Tiana Kelly,273250,t.kelly@randatmail.com,329-0244-65
Vincent Owens,1530166,v.owens@randatmail.com,885-9634-30
Miley Gray,5481728,m.gray@randatmail.com,351-8069-62
Lydia Ferguson,449726,l.ferguson@randatmail.com,603-3462-79
Paige Clark,2628789,p.clark@randatmail.com,053-3288-16
Mary Richardson,6375689,m.richardson@randatmail.com,912-4172-11
Alisa Morgan,7287218,a.morgan@randatmail.com,156-4932-98
Dominik Crawford,9434509,d.crawford@randatmail.com,198-3162-56
Melissa Higgins,5566399,m.higgins@randatmail.com,124-2114-90
Adrian Jones,9957472,a.jones@randatmail.com,254-2218-88
James Payne,4849576,j.payne@randatmail.com,290-5509-90
Lenny Stewart,3247948,l.stewart@randatmail.com,944-4367-87
Ashton Harper,4963492,a.harper@randatmail.com,245-7886-67
Andrew Murphy,3707438,a.murphy@randatmail.com,875-3918-02
Sophia Thompson,3120019,s.thompson@randatmail.com,673-4455-35
Catherine Cameron,7055843,c.cameron@randatmail.com,838-3580-76
Byron Harrison,4010159,b.harrison@randatmail.com,952-5147-26
Ada Hill,2419853,a.hill@randatmail.com,935-7134-57
Alexander Dixon,8077074,a.dixon@randatmail.com,497-8379-79
Steven Brown,5825312,s.brown@randatmail.com,403-0919-01
Sawyer Lloyd,2231285,s.lloyd@randatmail.com,286-3826-56
Connie Ross,6740680,c.ross@randatmail.com,193-3270-00
Daniel Miller,7302148,d.miller@randatmail.com,063-5725-78
Aiden Wilson,9083897,a.wilson@randatmail.com,741-4479-18
Jack Richardson,8347230,j.richardson@randatmail.com,764-1210-62
Adelaide Scott,5301455,a.scott@randatmail.com,117-9598-98
Chester Reed,6867786,c.reed@randatmail.com,886-9120-49
Haris Stewart,9685724,h.stewart@randatmail.com,149-8471-21
Spike Kelley,1745453,s.kelley@randatmail.com,728-3441-05
Alan Ellis,7380588,a.ellis@randatmail.com,519-7479-14
Dale Mason,371641,d.mason@randatmail.com,531-0343-52
Alberta Murphy,4528134,a.murphy@randatmail.com,095-2276-85
Kelvin Hall,4966668,k.hall@randatmail.com,095-2913-42
Adelaide Martin,1916697,a.martin@randatmail.com,883-0325-87
Lucia Holmes,867926,l.holmes@randatmail.com,064-7972-99
John Armstrong,6914630,j.armstrong@randatmail.com,690-9143-95
Edith Cooper,4629782,e.cooper@randatmail.com,675-8011-86
Carina Martin,8162301,c.martin@randatmail.com,174-9507-71
Roland Rogers,622362,r.rogers@randatmail.com,386-6794-05
Jenna Walker,5265017,j.walker@randatmail.com,436-1987-80
Briony Phillips,487493,b.phillips@randatmail.com,579-7304-83
Joyce Rogers,8867497,j.rogers@randatmail.com,104-8255-06
Ashton Gibson,7408122,a.gibson@randatmail.com,956-9207-35
Ada Hunt,9128290,a.hunt@randatmail.com,380-8047-39
Lucy Wilson,4752791,l.wilson@randatmail.com,253-8693-18
Arianna Cunningham,2061432,a.cunningham@randatmail.com,247-5601-10
Dainton Harrison,3371907,d.harrison@randatmail.com,200-2352-90
Kirsten Cunningham,4188877,k.cunningham@randatmail.com,066-4092-85
Ryan Allen,9737822,r.allen@randatmail.com,778-7958-53
Haris Watson,1235493,h.watson@randatmail.com,835-2328-73
Thomas Kelly,3026078,t.kelly@randatmail.com,640-8121-46
Carina Robinson,1623715,c.robinson@randatmail.com,479-9163-28
Alexia Cooper,6511156,a.cooper@randatmail.com,546-8726-20
Honey Stewart,1578614,h.stewart@randatmail.com,904-2535-01
Eleanor Barrett,5039194,e.barrett@randatmail.com,295-5070-88
Alen Sullivan,3918703,a.sullivan@randatmail.com,483-7541-44
Victoria Smith,8967874,v.smith@randatmail.com,586-9547-67
Ryan Johnson,2360531,r.johnson@randatmail.com,489-0209-08
Justin Gray,3295287,j.gray@randatmail.com,343-7998-88
Anna Lloyd,4153330,a.lloyd@randatmail.com,877-6356-11
Wilson Ryan,8925422,w.ryan@randatmail.com,609-2763-92
Alberta Perkins,8279350,a.perkins@randatmail.com,072-7562-84
Ned Stewart,1112703,n.stewart@randatmail.com,361-3030-71
Stuart Hunt,1374812,s.hunt@randatmail.com,570-2079-97
Reid Gibson,265798,r.gibson@randatmail.com,584-5037-47
Spike Murray,7223203,s.murray@randatmail.com,467-9874-23
Mike Bennett,7193857,m.bennett@randatmail.com,911-5735-18
David Taylor,786260,d.taylor@randatmail.com,590-0630-20
Elian Watson,482123,e.watson@randatmail.com,678-4067-00
Henry Casey,6785732,h.casey@randatmail.com,561-2841-64
Dale Scott,6631665,d.scott@randatmail.com,678-8940-92
Vanessa Riley,6892299,v.riley@randatmail.com,607-9668-67
James Henderson,2560153,j.henderson@randatmail.com,452-3281-97
Alford Andrews,8878872,a.andrews@randatmail.com,170-8986-18
Justin Craig,522614,j.craig@randatmail.com,142-4832-69
Edwin Howard,6572854,e.howard@randatmail.com,620-9511-67
Carina Mitchell,3086301,c.mitchell@randatmail.com,853-8626-25
Alexander Hall,2545356,a.hall@randatmail.com,040-4527-31
Steven Moore,3764370,s.moore@randatmail.com,249-1309-72
Paige Crawford,3325352,p.crawford@randatmail.com,257-6929-00
Kelsey Craig,4110633,k.craig@randatmail.com,901-3715-90
Paul Harrison,7240069,p.harrison@randatmail.com,821-9790-86
Roman Russell,9568021,r.russell@randatmail.com,498-4318-19
Agata Hall,8174549,a.hall@randatmail.com,477-6024-09
Emily Reed,9477847,e.reed@randatmail.com,665-7446-57
Sam Bennett,7069238,s.bennett@randatmail.com,356-3652-52
Amanda Watson,7148161,a.watson@randatmail.com,035-2185-39
Alford Smith,2984689,a.smith@randatmail.com,287-2592-84
Brad Craig,8114516,b.craig@randatmail.com,603-5083-97
Jared Harrison,7835771,j.harrison@randatmail.com,325-7656-66
Florrie Watson,2652509,f.watson@randatmail.com,331-6669-03
Ellia Moore,2433996,e.moore@randatmail.com,231-4886-01
Andrew Ross,9346618,a.ross@randatmail.com,098-9869-45
Caroline Carroll,2367520,c.carroll@randatmail.com,294-4648-05
Amanda Carroll,3834294,a.carroll@randatmail.com,388-1304-79
Lana West,1687838,l.west@randatmail.com,965-4872-16
Eleanor Thomas,7914161,e.thomas@randatmail.com,493-5228-38
Tara Williams,207708,t.williams@randatmail.com,884-8107-64
Tony Barnes,7559778,t.barnes@randatmail.com,728-4138-14
Luke Spencer,8340331,l.spencer@randatmail.com,703-7391-91
Catherine Gray,2401721,c.gray@randatmail.com,371-0706-58
Jacob Richards,6665837,j.richards@randatmail.com,410-3024-06
Nicholas Nelson,7274124,n.nelson@randatmail.com,428-4014-05
Garry Nelson,6702049,g.nelson@randatmail.com,878-6957-52
Cadie Casey,2647513,c.casey@randatmail.com,931-0839-65
Ashton Hawkins,9649027,a.hawkins@randatmail.com,728-0494-13
Lana Dixon,3869485,l.dixon@randatmail.com,891-5432-66
Naomi Riley,6982063,n.riley@randatmail.com,271-4282-47
Frederick Wilson,4573532,f.wilson@randatmail.com,912-1569-88
Alfred Holmes,1212736,a.holmes@randatmail.com,060-8603-62
Savana Spencer,6381286,s.spencer@randatmail.com,974-2314-69
Amy Williams,7407058,a.williams@randatmail.com,555-6417-99
Deanna Robinson,2108749,d.robinson@randatmail.com,625-0703-40
Adele Allen,6324582,a.allen@randatmail.com,682-9490-09
Alissa Higgins,6345684,a.higgins@randatmail.com,204-8804-18
Fiona Perry,2031432,f.perry@randatmail.com,856-6089-22
Mary Cole,5611784,m.cole@randatmail.com,995-5000-77
Amelia Ryan,7766903,a.ryan@randatmail.com,657-7719-20
Kate Bennett,7735367,k.bennett@randatmail.com,130-6841-35
Dainton Thompson,9186831,d.thompson@randatmail.com,017-7447-21
Derek Lloyd,6381782,d.lloyd@randatmail.com,643-7196-44
Eddy Henderson,7940086,e.henderson@randatmail.com,339-2755-09
Amber Watson,7611982,a.watson@randatmail.com,338-9013-16
Lucy Ellis,1402279,l.ellis@randatmail.com,739-5838-11
Roland Harrison,8762112,r.harrison@randatmail.com,835-7880-99
Miller Tucker,1491960,m.tucker@randatmail.com,015-6441-60
Alen Cunningham,73210,a.cunningham@randatmail.com,245-6395-10
Harold Craig,8980662,h.craig@randatmail.com,018-2972-87
James Gray,4319531,j.gray@randatmail.com,219-4277-55
Adison Nelson,2272002,a.nelson@randatmail.com,577-4451-30
Darcy Walker,8513836,d.walker@randatmail.com,795-0885-02
Eleanor Watson,9052739,e.watson@randatmail.com,245-4284-29
Walter Armstrong,4396149,w.armstrong@randatmail.com,337-7673-19
Sofia Richardson,7228613,s.richardson@randatmail.com,499-5067-78
Camila Clark,5766265,c.clark@randatmail.com,610-3423-56
Caroline Murray,2200656,c.murray@randatmail.com,601-3581-21
Kirsten Johnston,533441,k.johnston@randatmail.com,202-6036-85
Sawyer Morrison,2644480,s.morrison@randatmail.com,302-6219-15
Gianna Robinson,1791295,g.robinson@randatmail.com,175-8413-57
Sawyer Moore,9048252,s.moore@randatmail.com,732-4187-02
Garry Clark,761745,g.clark@randatmail.com,033-2146-11
Sienna Kelley,6308845,s.kelley@randatmail.com,054-4604-54
Albert Roberts,9552307,a.roberts@randatmail.com,351-7977-30
Lyndon Phillips,2850305,l.phillips@randatmail.com,549-2971-81
Amber Miller,3118538,a.miller@randatmail.com,330-9075-15
Sarah Miller,9761841,s.miller@randatmail.com,900-5095-51
Owen Cunningham,5050021,o.cunningham@randatmail.com,114-7119-11
Jasmine Jones,8929058,j.jones@randatmail.com,968-0149-74
Jordan Henderson,3859125,j.henderson@randatmail.com,119-1903-58
Anna Perry,2121267,a.perry@randatmail.com,698-9224-00
Miley Bennett,8012969,m.bennett@randatmail.com,721-9559-21
Rubie Robinson,8777800,r.robinson@randatmail.com,834-0103-67
Sam Reed,1765325,s.reed@randatmail.com,375-3614-47
Aida Carroll,935479,a.carroll@randatmail.com,683-9104-77
Jared Williams,6701215,j.williams@randatmail.com,498-2413-67
Miller Harrison,6908109,m.harrison@randatmail.com,655-1421-18
Andrew Hamilton,4818116,a.hamilton@randatmail.com,170-2570-90
Stuart Elliott,518181,s.elliott@randatmail.com,290-2255-91
Kelvin Hamilton,2114372,k.hamilton@randatmail.com,031-3449-10
David Foster,7738334,d.foster@randatmail.com,613-0429-02
Myra Allen,5191031,m.allen@randatmail.com,614-7647-98
Daisy Jones,158496,d.jones@randatmail.com,830-5990-99
Lucy Kelly,1926441,l.kelly@randatmail.com,506-9740-35
Jenna Reed,8046229,j.reed@randatmail.com,980-6572-26
Alan Wilson,6696991,a.wilson@randatmail.com,751-1553-50
Kellan Payne,2486076,k.payne@randatmail.com,430-8108-64
Kelsey Moore,3672335,k.moore@randatmail.com,618-9817-90
Henry Nelson,3121882,h.nelson@randatmail.com,519-2718-13
Paul Morris,1147161,p.morris@randatmail.com,434-3029-47
Edith Campbell,9773214,e.campbell@randatmail.com,539-9164-52
Daniel Hamilton,1414472,d.hamilton@randatmail.com,568-5310-28
Daniel Crawford,2264452,d.crawford@randatmail.com,552-3615-88
Garry Cole,8103804,g.cole@randatmail.com,546-8682-85
Eleanor Ellis,7302840,e.ellis@randatmail.com,902-8489-51
Arianna Hamilton,4688895,a.hamilton@randatmail.com,168-6007-67
Penelope Howard,4859798,p.howard@randatmail.com,675-0313-48
Sawyer Barrett,5577939,s.barrett@randatmail.com,325-6501-46
Kirsten Clark,3629846,k.clark@randatmail.com,232-1692-73
Victoria Casey,248772,v.casey@randatmail.com,364-6036-03
Rubie Mason,7671858,r.mason@randatmail.com,842-1436-95
Cadie Williams,796451,c.williams@randatmail.com,362-7116-48
Deanna Turner,4340083,d.turner@randatmail.com,647-2636-84
Miley Cunningham,2132457,m.cunningham@randatmail.com,663-8892-71
Aiden Higgins,3940641,a.higgins@randatmail.com,659-4007-12
Reid Turner,3412542,r.turner@randatmail.com,775-1046-09
Ashton Stevens,7672446,a.stevens@randatmail.com,545-8065-72
Alfred Williams,4942683,a.williams@randatmail.com,321-4054-14
Annabella Stevens,9646288,a.stevens@randatmail.com,042-8264-40
Jessica Scott,3225756,j.scott@randatmail.com,288-3853-25
Michael Gibson,174644,m.gibson@randatmail.com,389-0991-02
Alissa Armstrong,3922822,a.armstrong@randatmail.com,685-3918-95
Antony Richardson,9904989,a.richardson@randatmail.com,009-3804-60
Dale Smith,9017729,d.smith@randatmail.com,807-0439-49
Anna Hawkins,969962,a.hawkins@randatmail.com,526-7037-89
Adam Thomas,765914,a.thomas@randatmail.com,651-4788-00
Alisa Johnston,6367442,a.johnston@randatmail.com,746-0240-80
Evelyn Holmes,2548827,e.holmes@randatmail.com,470-3459-21
Freddie Watson,4540976,f.watson@randatmail.com,610-3886-03
Anna Warren,5393933,a.warren@randatmail.com,016-6767-42
John Richards,9869931,j.richards@randatmail.com,272-0660-52
Mike Morgan,933279,m.morgan@randatmail.com,294-7512-91
Sam Wilson,5835143,s.wilson@randatmail.com,253-7603-29
Reid Holmes,4475036,r.holmes@randatmail.com,859-5676-33
Darcy Casey,7895322,d.casey@randatmail.com,354-0945-04
Grace Edwards,8855055,g.edwards@randatmail.com,250-7457-52
Kellan Murphy,5884794,k.murphy@randatmail.com,251-4923-54
John Morgan,8304576,j.morgan@randatmail.com,058-9627-89
Kate Morgan,7475889,k.morgan@randatmail.com,270-5737-28
Isabella Ross,7050670,i.ross@randatmail.com,309-5897-95
Alfred Spencer,469181,a.spencer@randatmail.com,734-8618-02
Rubie Hawkins,3777383,r.hawkins@randatmail.com,257-1560-77
Oscar Smith,2782317,o.smith@randatmail.com,173-4098-53
Max Turner,4594991,m.turner@randatmail.com,468-2696-10
Joyce Ross,2611252,j.ross@randatmail.com,808-6244-19
Brianna Cunningham,719695,b.cunningham@randatmail.com,852-8751-94
Hailey Wells,7327604,h.wells@randatmail.com,374-1263-43
Byron Davis,8968090,b.davis@randatmail.com,920-1846-39
Samantha Adams,9756556,s.adams@randatmail.com,812-4555-97
April Mitchell,9354515,a.mitchell@randatmail.com,093-7654-56
Albert Davis,7650183,a.davis@randatmail.com,051-4997-42
Derek Hawkins,4457170,d.hawkins@randatmail.com,075-7574-57
Gianna Farrell,6777892,g.farrell@randatmail.com,850-9305-98
Gianna Morrison,826210,g.morrison@randatmail.com,385-3995-25
Ryan Rogers,1569039,r.rogers@randatmail.com,488-2081-88
Amelia Bennett,153258,a.bennett@randatmail.com,686-0602-75
Garry Adams,8957464,g.adams@randatmail.com,629-4345-88
Arthur Wright,5692743,a.wright@randatmail.com,065-3552-07
George Wells,355136,g.wells@randatmail.com,464-1682-52
Derek Clark,7472361,d.clark@randatmail.com,436-2620-29
Audrey Riley,3814001,a.riley@randatmail.com,998-3136-79
Lenny Farrell,7277598,l.farrell@randatmail.com,422-3889-54
Daryl Myers,704063,d.myers@randatmail.com,002-2393-47
Adam Warren,4470770,a.warren@randatmail.com,992-6252-87
Edgar Foster,173064,e.foster@randatmail.com,251-1141-08
Alen Murphy,3772862,a.murphy@randatmail.com,135-8006-14
Belinda Phillips,3523584,b.phillips@randatmail.com,894-4305-58
David Edwards,1401380,d.edwards@randatmail.com,779-4961-93
Lily Hunt,6263778,l.hunt@randatmail.com,849-9602-10
Daniel Kelly,1667927,d.kelly@randatmail.com,375-3965-36
Spike Jones,4967142,s.jones@randatmail.com,666-3949-68
Rubie Perkins,3867763,r.perkins@randatmail.com,457-8171-06
Tyler Harris,1186444,t.harris@randatmail.com,005-8194-30
Aldus Lloyd,4025958,a.lloyd@randatmail.com,484-8114-93
Michelle Fowler,4986332,m.fowler@randatmail.com,362-0629-04
Maria Gibson,7358448,m.gibson@randatmail.com,448-1983-84
Sam Armstrong,8951804,s.armstrong@randatmail.com,595-0928-27
Tiana Richardson,5503541,t.richardson@randatmail.com,176-8726-77
John Gibson,4963838,j.gibson@randatmail.com,113-7224-73
Steven Wells,7481457,s.wells@randatmail.com,218-0978-13
Chloe Carroll,2134103,c.carroll@randatmail.com,584-7642-52
Abraham Holmes,2339152,a.holmes@randatmail.com,265-2213-34
Robert Grant,7051994,r.grant@randatmail.com,334-2266-16
Miller Bailey,897151,m.bailey@randatmail.com,643-7106-97
Sawyer Bennett,9440028,s.bennett@randatmail.com,577-0730-03
Sarah Baker,3511892,s.baker@randatmail.com,626-5218-23
Alissa Harris,7135970,a.harris@randatmail.com,475-1172-32
Vincent Wilson,579590,v.wilson@randatmail.com,754-2939-20
Alexander Riley,257832,a.riley@randatmail.com,530-4072-92
Daryl Carroll,3004556,d.carroll@randatmail.com,265-6252-02
Rubie Murray,9491084,r.murray@randatmail.com,398-2101-78
Maria Hunt,4161065,m.hunt@randatmail.com,925-4755-00
Florrie Stevens,1508343,f.stevens@randatmail.com,269-8103-23
Ryan Anderson,1971421,r.anderson@randatmail.com,433-4541-94
Annabella Chapman,4994513,a.chapman@randatmail.com,408-0319-01
Ada Lloyd,7264572,a.lloyd@randatmail.com,447-6580-54
Spike Ellis,3492114,s.ellis@randatmail.com,683-1331-65
Sydney Myers,7069859,s.myers@randatmail.com,013-8875-95
Gianna Wilson,2140217,g.wilson@randatmail.com,215-4175-35
Eddy Henderson,6587399,e.henderson@randatmail.com,140-6834-98
Aida Barnes,8112642,a.barnes@randatmail.com,162-0815-19
Ellia Roberts,5493543,e.roberts@randatmail.com,949-0069-66
James Morgan,7175418,j.morgan@randatmail.com,957-2767-47
Vincent Owens,5080579,v.owens@randatmail.com,192-7104-93
Reid Chapman,4207818,r.chapman@randatmail.com,137-1193-96
Evelyn Anderson,2771624,e.anderson@randatmail.com,156-5665-62
Daryl Wells,2330415,d.wells@randatmail.com,696-2505-75
Melanie Hamilton,5138815,m.hamilton@randatmail.com,353-2639-64
Paul Turner,1067316,p.turner@randatmail.com,305-4795-06
Deanna Cameron,5456636,d.cameron@randatmail.com,664-6197-74
Garry Chapman,7690574,g.chapman@randatmail.com,647-7825-82
Chelsea Phillips,1966277,c.phillips@randatmail.com,842-7319-83
Fiona Casey,4343167,f.casey@randatmail.com,511-6895-11
Vivian Spencer,4363301,v.spencer@randatmail.com,991-8818-82
Kevin Barnes,5720750,k.barnes@randatmail.com,925-0195-94
Henry Cameron,8060533,h.cameron@randatmail.com,891-1756-50
Chelsea Cunningham,104309,c.cunningham@randatmail.com,516-8720-75
Edgar Douglas,8144074,e.douglas@randatmail.com,273-2258-02
Alen Watson,8331869,a.watson@randatmail.com,918-5312-50
Vivian Ferguson,7719162,v.ferguson@randatmail.com,980-1952-12
Jared Andrews,1875372,j.andrews@randatmail.com,726-8431-90
Caroline Ellis,7960862,c.ellis@randatmail.com,553-6852-63
Naomi Bennett,9010179,n.bennett@randatmail.com,388-1968-32
Joyce Barnes,24042,j.barnes@randatmail.com,499-1884-20
Chester Carroll,7311828,c.carroll@randatmail.com,320-1141-22
Sawyer Baker,3634521,s.baker@randatmail.com,261-0059-40
Eddy Taylor,8515603,e.taylor@randatmail.com,769-5219-27
Alan Ross,7921445,a.ross@randatmail.com,527-7952-50
April Williams,1027664,a.williams@randatmail.com,549-7133-03
Maria Harper,606848,m.harper@randatmail.com,050-6940-22
Myra Cooper,7066622,m.cooper@randatmail.com,172-4205-06
Victoria Nelson,7686213,v.nelson@randatmail.com,076-9744-75
Hailey Scott,4725268,h.scott@randatmail.com,711-3626-95
Fiona Gibson,4900899,f.gibson@randatmail.com,037-8621-14
Abigail Harper,5019566,a.harper@randatmail.com,244-1830-25
Edith Douglas,1193132,e.douglas@randatmail.com,470-4449-26
Dale Gray,4775545,d.gray@randatmail.com,873-2143-78
Carina Johnson,5068473,c.johnson@randatmail.com,147-7418-57
Freddie Anderson,7393653,f.anderson@randatmail.com,647-2912-29
Max Hill,7398308,m.hill@randatmail.com,678-3421-98
Heather Scott,8432046,h.scott@randatmail.com,905-5143-40
Fiona Perkins,4991182,f.perkins@randatmail.com,975-5904-37
Brianna Perkins,699800,b.perkins@randatmail.com,730-3021-74
Connie Brown,8699414,c.brown@randatmail.com,682-3392-60
Bruce Reed,2088034,b.reed@randatmail.com,822-5834-78
Nicholas Armstrong,1801174,n.armstrong@randatmail.com,076-0543-23
Adrian Watson,1024996,a.watson@randatmail.com,337-9274-44
Ryan Walker,612755,r.walker@randatmail.com,119-0747-18
Mike Evans,4192492,m.evans@randatmail.com,696-7222-48
Daisy Brooks,7722070,d.brooks@randatmail.com,987-4011-82
Eddy Roberts,4551492,e.roberts@randatmail.com,972-3066-33
Penelope Richardson,7107182,p.richardson@randatmail.com,377-2820-92
Olivia Scott,7848851,o.scott@randatmail.com,757-0123-22
Antony Sullivan,8177543,a.sullivan@randatmail.com,500-6946-56
Carina Davis,636256,c.davis@randatmail.com,104-5170-15
Mike Taylor,7927463,m.taylor@randatmail.com,892-5939-20
Anna Barrett,6606264,a.barrett@randatmail.com,124-9310-13
Agata Morgan,8740228,a.morgan@randatmail.com,571-0503-20
Cadie Warren,8190897,c.warren@randatmail.com,760-7470-93
Julian Campbell,7584692,j.campbell@randatmail.com,240-7346-33
Roland Rogers,5435849,r.rogers@randatmail.com,063-7070-63
Audrey Tucker,5958294,a.tucker@randatmail.com,399-0847-92
Arnold Thomas,7906477,a.thomas@randatmail.com,326-8423-93
Edwin Adams,8050839,e.adams@randatmail.com,556-3424-62
Miller Roberts,8895075,m.roberts@randatmail.com,124-4470-14
Elian Thomas,3712016,e.thomas@randatmail.com,276-3393-73
Catherine Perry,5467440,c.perry@randatmail.com,482-4642-66
Abigail Johnson,9322748,a.johnson@randatmail.com,616-0361-72
Adrian Farrell,3398341,a.farrell@randatmail.com,825-7968-46
Alisa Scott,5685803,a.scott@randatmail.com,756-0376-20
Aldus Gibson,46696,a.gibson@randatmail.com,088-1007-90
Natalie Harper,2338245,n.harper@randatmail.com,726-5005-99
Maddie Watson,3947517,m.watson@randatmail.com,647-8273-83
Clark Morrison,1121707,c.morrison@randatmail.com,580-3833-17
Daisy Wilson,2380101,d.wilson@randatmail.com,208-5078-62
Max Owens,7210823,m.owens@randatmail.com,353-7844-96
Kellan Wright,5461944,k.wright@randatmail.com,092-2673-42
Preston Owens,6496475,p.owens@randatmail.com,761-8839-46
Oliver Harris,1469481,o.harris@randatmail.com,481-7091-26
Chloe Owens,4752293,c.owens@randatmail.com,949-4652-29
Alford Casey,9484067,a.casey@randatmail.com,150-5533-40
Frederick Craig,4707115,f.craig@randatmail.com,059-2801-90
Rafael Ellis,5167907,r.ellis@randatmail.com,052-9277-72
Mike Morrison,3655708,m.morrison@randatmail.com,888-5085-11
Sawyer Harrison,7713681,s.harrison@randatmail.com,067-7170-61
Victoria Warren,6752672,v.warren@randatmail.com,692-0704-40
Kelvin Stewart,6123058,k.stewart@randatmail.com,657-1625-67
Deanna Smith,1601339,d.smith@randatmail.com,085-9244-55
Spike Hill,792720,s.hill@randatmail.com,550-4064-26
Harold Clark,6970043,h.clark@randatmail.com,812-3554-72
David Riley,1847467,d.riley@randatmail.com,112-5061-28
Frederick Higgins,3919026,f.higgins@randatmail.com,512-5656-56
Rafael Davis,5582465,r.davis@randatmail.com,413-6186-49
Lilianna Kelley,1892145,l.kelley@randatmail.com,141-5075-99
Samantha Lloyd,7246248,s.lloyd@randatmail.com,252-5747-71
Carlos Richardson,5343360,c.richardson@randatmail.com,872-2672-78
Carina Taylor,4035558,c.taylor@randatmail.com,275-9243-94
Vanessa Harper,1961536,v.harper@randatmail.com,946-0103-87
Michael Harrison,7370617,m.harrison@randatmail.com,501-5613-28
Amelia Ryan,9880957,a.ryan@randatmail.com,766-3741-63
Sofia Phillips,4238895,s.phillips@randatmail.com,495-4864-14
Adam Taylor,6032611,a.taylor@randatmail.com,778-9990-70
Oliver Crawford,9538654,o.crawford@randatmail.com,341-4124-32
Charlie Johnston,9756563,c.johnston@randatmail.com,832-5538-83
Daniel Stewart,301806,d.stewart@randatmail.com,831-8067-40
Heather Henderson,9608729,h.henderson@randatmail.com,547-6789-67
Alberta Gibson,3574291,a.gibson@randatmail.com,334-9548-60
Rosie Miller,8374578,r.miller@randatmail.com,283-9018-61
Sabrina Barnes,1042518,s.barnes@randatmail.com,157-4037-17
Jenna Gibson,7780919,j.gibson@randatmail.com,437-1698-54
Reid Andrews,2332582,r.andrews@randatmail.com,073-6654-03
Samantha Murray,9082159,s.murray@randatmail.com,215-4437-03
Alford Harrison,941698,a.harrison@randatmail.com,922-7850-44
Naomi Gibson,9571993,n.gibson@randatmail.com,287-5566-12
Aldus Harrison,4531736,a.harrison@randatmail.com,378-0087-43
Wilson Moore,5386161,w.moore@randatmail.com,136-8274-36
William Harrison,7580849,w.harrison@randatmail.com,155-5119-22
Kevin Montgomery,2727425,k.montgomery@randatmail.com,569-4763-95
David Ross,3688251,d.ross@randatmail.com,628-4586-90
Roman Johnston,4133064,r.johnston@randatmail.com,026-9207-68
Marcus Rogers,8836742,m.rogers@randatmail.com,727-2513-65
Arthur Craig,3312960,a.craig@randatmail.com,573-1782-87
Abraham Morris,4148897,a.morris@randatmail.com,197-5235-04
Edward Sullivan,8561801,e.sullivan@randatmail.com,637-8111-60
Briony Chapman,4952784,b.chapman@randatmail.com,764-1892-61
Anna Foster,6093156,a.foster@randatmail.com,197-3253-43
Alexander Casey,5218280,a.casey@randatmail.com,562-4811-95
Dainton Richards,523813,d.richards@randatmail.com,790-0503-42
Tony Morrison,9622656,t.morrison@randatmail.com,746-6792-88
Amber Barnes,5346726,a.barnes@randatmail.com,648-7053-80
Nicole Riley,2652836,n.riley@randatmail.com,329-4331-05
Ned Myers,2145850,n.myers@randatmail.com,987-0067-23
Adelaide West,3850369,a.west@randatmail.com,862-2047-75
Aiden Armstrong,5767039,a.armstrong@randatmail.com,907-8418-57
Lucia Riley,8239337,l.riley@randatmail.com,509-6058-75
Briony Perry,6840311,b.perry@randatmail.com,120-8037-08
Honey Riley,4586911,h.riley@randatmail.com,558-3665-56
Maya Hill,2622850,m.hill@randatmail.com,508-1568-61
Arianna Henderson,1343046,a.henderson@randatmail.com,935-9035-29
Fiona Taylor,6462775,f.taylor@randatmail.com,820-5523-00
Leonardo Edwards,2857845,l.edwards@randatmail.com,626-8820-43
Grace Harrison,208932,g.harrison@randatmail.com,684-8698-44
Adrianna Thompson,7963723,a.thompson@randatmail.com,919-7319-64
Aldus Grant,7763215,a.grant@randatmail.com,678-6395-48
Aida Richardson,1816230,a.richardson@randatmail.com,248-1492-09
Victor Robinson,5654452,v.robinson@randatmail.com,008-2697-89
Walter Warren,8319777,w.warren@randatmail.com,093-8284-26
John Richards,1227969,j.richards@randatmail.com,659-3374-42
Spike Turner,4978647,s.turner@randatmail.com,275-2729-32
Ted Crawford,2410166,t.crawford@randatmail.com,570-0936-87
Leonardo Morgan,5609706,l.morgan@randatmail.com,571-7203-75
Frederick Carter,9624155,f.carter@randatmail.com,005-4043-62
Kate Baker,4546315,k.baker@randatmail.com,446-3239-36
Honey Ross,8316223,h.ross@randatmail.com,092-0025-99
Lily Miller,8636075,l.miller@randatmail.com,579-2513-14
Roland Parker,1272654,r.parker@randatmail.com,672-2596-41
Camila Henderson,1876777,c.henderson@randatmail.com,569-3526-24
Nicholas Wright,6285269,n.wright@randatmail.com,833-0117-58
Elian Watson,7462667,e.watson@randatmail.com,254-2870-85
Tara Grant,8835690,t.grant@randatmail.com,578-8579-95
Rebecca Williams,9680283,r.williams@randatmail.com,454-4298-67
Honey Wilson,8575545,h.wilson@randatmail.com,212-4356-07
Cherry Ryan,1846450,c.ryan@randatmail.com,841-8823-39
Belinda Roberts,9883335,b.roberts@randatmail.com,201-9746-40
Eddy Foster,8448990,e.foster@randatmail.com,200-5542-65
Kristian Parker,7812591,k.parker@randatmail.com,349-2272-91
Steven Turner,927878,s.turner@randatmail.com,768-7972-26
Chloe Nelson,3233949,c.nelson@randatmail.com,015-6308-27
Nicholas Casey,822633,n.casey@randatmail.com,600-8848-56
Carl Spencer,8550709,c.spencer@randatmail.com,458-4629-42
Bruce Williams,6302193,b.williams@randatmail.com,409-9173-85
Reid Warren,8732025,r.warren@randatmail.com,080-1302-28
Eddy Lloyd,4696182,e.lloyd@randatmail.com,156-9712-17
Violet Hunt,1687168,v.hunt@randatmail.com,556-1725-14
Lucas Kelly,2280336,l.kelly@randatmail.com,958-3735-69
Luke Perkins,5544644,l.perkins@randatmail.com,612-7234-92
Madaline Chapman,8375386,m.chapman@randatmail.com,526-4921-72
Stella Reed,4936862,s.reed@randatmail.com,792-5080-35
Kirsten Craig,9843657,k.craig@randatmail.com,070-1085-23
Sawyer Farrell,4187389,s.farrell@randatmail.com,634-5665-70
Roman Dixon,9876085,r.dixon@randatmail.com,057-9757-62
Kimberly Hall,2511770,k.hall@randatmail.com,910-0564-75
Belinda Sullivan,1640637,b.sullivan@randatmail.com,198-2131-72
Lucia Harris,4433810,l.harris@randatmail.com,369-7696-89
Alford Kelley,4226899,a.kelley@randatmail.com,514-7286-26
Fiona Cooper,7440126,f.cooper@randatmail.com,214-3413-99
April Johnson,9762200,a.johnson@randatmail.com,141-8674-48
Elise Spencer,4100682,e.spencer@randatmail.com,865-6596-99
Aiden Craig,8138501,a.craig@randatmail.com,220-7296-10
Belinda Robinson,2984286,b.robinson@randatmail.com,460-3645-66
Richard Morgan,9436922,r.morgan@randatmail.com,163-4223-64
Leonardo Reed,5198216,l.reed@randatmail.com,783-3328-69
Aldus Bailey,5613208,a.bailey@randatmail.com,534-5316-91
Cherry Brooks,7002411,c.brooks@randatmail.com,255-9012-68
Grace Rogers,3828471,g.rogers@randatmail.com,150-4162-41
Rebecca Phillips,7602178,r.phillips@randatmail.com,418-6308-75
Brooke Payne,3843191,b.payne@randatmail.com,409-7724-61
Reid Allen,8231285,r.allen@randatmail.com,892-6382-27
Alissa Andrews,7763709,a.andrews@randatmail.com,884-8590-00
Edward Martin,298460,e.martin@randatmail.com,984-3197-37
Patrick Cunningham,5429120,p.cunningham@randatmail.com,651-4833-79
Charlotte Allen,108507,c.allen@randatmail.com,293-2671-12
Olivia Carter,6475080,o.carter@randatmail.com,992-8013-65
Chester Kelley,1733950,c.kelley@randatmail.com,904-0573-56
Amanda Robinson,8794928,a.robinson@randatmail.com,585-2075-97
Chloe Riley,1607019,c.riley@randatmail.com,995-6256-60
Elise Hunt,6656280,e.hunt@randatmail.com,747-0350-38
Eric Fowler,5671377,e.fowler@randatmail.com,366-9280-01
Lyndon Evans,2111282,l.evans@randatmail.com,645-8124-87
Amelia Barnes,2175369,a.barnes@randatmail.com,653-7969-19
Cherry Hunt,5918790,c.hunt@randatmail.com,026-4481-68
Max Martin,1648663,m.martin@randatmail.com,821-7415-94
Maximilian Clark,9719294,m.clark@randatmail.com,949-7338-74
Stella Nelson,5877254,s.nelson@randatmail.com,609-6380-80
Edward Brooks,7242119,e.brooks@randatmail.com,170-2237-01
Dominik Andrews,5490096,d.andrews@randatmail.com,147-2196-64
Kevin Tucker,1759527,k.tucker@randatmail.com,755-9671-67
Alexia Hamilton,411197,a.hamilton@randatmail.com,136-3335-60
Clark Carter,8617726,c.carter@randatmail.com,154-9786-41
Miranda Miller,4895913,m.miller@randatmail.com,032-6320-21
Daisy Edwards,2851341,d.edwards@randatmail.com,230-6583-66
Sofia Stewart,5518280,s.stewart@randatmail.com,911-4799-40
Dale Scott,4257665,d.scott@randatmail.com,859-4296-13
Eric Warren,5342241,e.warren@randatmail.com,608-0391-77
Charlotte Riley,3714074,c.riley@randatmail.com,415-2095-99
Tess Robinson,7905921,t.robinson@randatmail.com,429-3571-21
Andrew Russell,136773,a.russell@randatmail.com,069-1128-18
Jacob Henderson,7325247,j.henderson@randatmail.com,744-2489-51
Kevin Stewart,9957588,k.stewart@randatmail.com,347-4038-49
Rubie Cunningham,9345234,r.cunningham@randatmail.com,763-4365-12
Fenton Harper,3788743,f.harper@randatmail.com,975-6667-78
Roman Riley,8853596,r.riley@randatmail.com,636-5779-26
Tess Bailey,6785119,t.bailey@randatmail.com,038-4370-69
Julian Stewart,9067871,j.stewart@randatmail.com,175-0456-73
Emily Barrett,5544624,e.barrett@randatmail.com,949-4609-94
Maddie Ellis,4395608,m.ellis@randatmail.com,947-8906-30
Harold Martin,2539104,h.martin@randatmail.com,164-9603-41
Nicole Baker,9028081,n.baker@randatmail.com,349-7050-66
Sienna Johnston,4178833,s.johnston@randatmail.com,867-0529-06
Maya Walker,8821434,m.walker@randatmail.com,364-8163-50
Lucas Myers,5903400,l.myers@randatmail.com,493-7923-17
John Smith,9061081,j.smith@randatmail.com,280-4290-74
Lilianna Wright,5451742,l.wright@randatmail.com,547-4679-18
John Ross,6680257,j.ross@randatmail.com,244-6430-23
Alissa Wright,6041423,a.wright@randatmail.com,980-5922-69
Eddy Walker,3785105,e.walker@randatmail.com,926-5393-58
Sarah Harris,7664267,s.harris@randatmail.com,228-7039-54
Ryan Ross,1227431,r.ross@randatmail.com,644-0532-24
Nicole Taylor,9800577,n.taylor@randatmail.com,308-9206-30
Max Hall,504758,m.hall@randatmail.com,377-2848-11
Paige Craig,6140959,p.craig@randatmail.com,882-7778-91
Alfred Murray,9801050,a.murray@randatmail.com,054-0581-34
Elian Perry,3600824,e.perry@randatmail.com,803-6057-80
Byron Brooks,7630948,b.brooks@randatmail.com,990-8502-45
Anna Mason,5130028,a.mason@randatmail.com,222-8307-04
Freddie Harper,1703898,f.harper@randatmail.com,916-7568-58
Tiana Mitchell,8980455,t.mitchell@randatmail.com,500-9857-28
Leonardo Henderson,4182062,l.henderson@randatmail.com,044-6301-33
Alissa Richards,3615189,a.richards@randatmail.com,293-9390-26
Stella Thomas,2367621,s.thomas@randatmail.com,596-3163-54
April Martin,5146881,a.martin@randatmail.com,715-1985-32
James Rogers,9815876,j.rogers@randatmail.com,626-2526-38
Samantha Mason,4296287,s.mason@randatmail.com,966-0562-98
Maya Moore,7882665,m.moore@randatmail.com,774-0467-83
Kimberly Ryan,2395770,k.ryan@randatmail.com,225-2695-66
Freddie Myers,7202292,f.myers@randatmail.com,268-1856-42
Paige Hawkins,6193477,p.hawkins@randatmail.com,851-6858-41
Lucy Kelley,2464041,l.kelley@randatmail.com,138-7303-04
Charlotte Miller,9513751,c.miller@randatmail.com,478-0242-97
Marcus West,8729738,m.west@randatmail.com,738-6205-29
Natalie Phillips,5605275,n.phillips@randatmail.com,284-3355-49
Kimberly Cooper,3107726,k.cooper@randatmail.com,607-9616-74
Chelsea Dixon,5230327,c.dixon@randatmail.com,988-9279-80
Lucy Gray,7967388,l.gray@randatmail.com,976-7022-85
Ted Gibson,3343244,t.gibson@randatmail.com,813-9277-11
Edith Perkins,1662211,e.perkins@randatmail.com,481-1967-30
Fiona Richardson,1499273,f.richardson@randatmail.com,906-0484-99
James Morrison,4092855,j.morrison@randatmail.com,317-1868-72
Amanda Howard,6366382,a.howard@randatmail.com,357-6651-74
Sophia Cole,7298281,s.cole@randatmail.com,337-4040-36
Daniel Russell,4880066,d.russell@randatmail.com,633-6883-70
Tony Armstrong,5951696,t.armstrong@randatmail.com,128-2958-66
Lucy Riley,3072251,l.riley@randatmail.com,875-2847-59
Dominik Bailey,3974505,d.bailey@randatmail.com,679-2607-29
Maddie Lloyd,4268934,m.lloyd@randatmail.com,529-0740-22
Carina Hall,1083611,c.hall@randatmail.com,649-5555-41
Kimberly Parker,5539247,k.parker@randatmail.com,954-4619-46
Lucas Parker,4734050,l.parker@randatmail.com,946-7790-65
Alexia Russell,9865706,a.russell@randatmail.com,667-1368-31
Rafael Phillips,2894642,r.phillips@randatmail.com,413-4744-72
Maria Thomas,5467729,m.thomas@randatmail.com,780-1081-41
Heather Hill,8795723,h.hill@randatmail.com,482-2365-70
William Phillips,6251467,w.phillips@randatmail.com,145-1121-99
Roland Cunningham,1262204,r.cunningham@randatmail.com,737-7914-25
Julia Reed,8486971,j.reed@randatmail.com,031-3210-32
Melanie Evans,4568127,m.evans@randatmail.com,252-9703-88
Alissa Morrison,2911849,a.morrison@randatmail.com,671-9252-34
James Murray,637168,j.murray@randatmail.com,138-8713-12
Natalie Foster,5031981,n.foster@randatmail.com,791-5391-25
Miley Crawford,9366928,m.crawford@randatmail.com,110-9529-73
Lana Bailey,1094316,l.bailey@randatmail.com,833-7331-84
Aston Riley,5851849,a.riley@randatmail.com,244-2153-07
Lilianna Hawkins,1981922,l.hawkins@randatmail.com,951-3612-19
Tyler Turner,5231369,t.turner@randatmail.com,943-0987-98
Adam Johnston,1515921,a.johnston@randatmail.com,195-1300-30
Chloe Anderson,7644859,c.anderson@randatmail.com,522-3830-27
Joyce Brown,4291458,j.brown@randatmail.com,404-0543-19
Paul Ferguson,7738279,p.ferguson@randatmail.com,748-1925-07
Chloe Grant,8718174,c.grant@randatmail.com,871-9842-60
Chloe Gray,1149940,c.gray@randatmail.com,131-0947-56
Dexter Mason,3015817,d.mason@randatmail.com,866-9281-29
Brooke Thompson,4426711,b.thompson@randatmail.com,708-1728-51
George Gray,3622208,g.gray@randatmail.com,787-1245-87
Miley Cunningham,2132457,m.cunningham@randatmail.com,663-8892-71
Aiden Higgins,3940641,a.higgins@randatmail.com,659-4007-12
Reid Turner,3412542,r.turner@randatmail.com,775-1046-09
Ashton Stevens,7672446,a.stevens@randatmail.com,545-8065-72
Alfred Williams,4942683,a.williams@randatmail.com,321-4054-14
Annabella Stevens,9646288,a.stevens@randatmail.com,042-8264-40
Jessica Scott,3225756,j.scott@randatmail.com,288-3853-25
Michael Gibson,174644,m.gibson@randatmail.com,389-0991-02
Alissa Armstrong,3922822,a.armstrong@randatmail.com,685-3918-95
Antony Richardson,9904989,a.richardson@randatmail.com,009-3804-60
Dale Smith,9017729,d.smith@randatmail.com,807-0439-49
Anna Hawkins,969962,a.hawkins@randatmail.com,526-7037-89
Adam Thomas,765914,a.thomas@randatmail.com,651-4788-00
Alisa Johnston,6367442,a.johnston@randatmail.com,746-0240-80
Evelyn Holmes,2548827,e.holmes@randatmail.com,470-3459-21
Freddie Watson,4540976,f.watson@randatmail.com,610-3886-03
Anna Warren,5393933,a.warren@randatmail.com,016-6767-42
John Richards,9869931,j.richards@randatmail.com,272-0660-52
Mike Morgan,933279,m.morgan@randatmail.com,294-7512-91
Sam Wilson,5835143,s.wilson@randatmail.com,253-7603-29
Reid Holmes,4475036,r.holmes@randatmail.com,859-5676-33
Darcy Casey,7895322,d.casey@randatmail.com,354-0945-04
Grace Edwards,8855055,g.edwards@randatmail.com,250-7457-52
Kellan Murphy,5884794,k.murphy@randatmail.com,251-4923-54
John Morgan,8304576,j.morgan@randatmail.com,058-9627-89
Kate Morgan,7475889,k.morgan@randatmail.com,270-5737-28
Isabella Ross,7050670,i.ross@randatmail.com,309-5897-95
Alfred Spencer,469181,a.spencer@randatmail.com,734-8618-02
Rubie Hawkins,3777383,r.hawkins@randatmail.com,257-1560-77
Oscar Smith,2782317,o.smith@randatmail.com,173-4098-53
Max Turner,4594991,m.turner@randatmail.com,468-2696-10
Joyce Ross,2611252,j.ross@randatmail.com,808-6244-19
Brianna Cunningham,719695,b.cunningham@randatmail.com,852-8751-94
Hailey Wells,7327604,h.wells@randatmail.com,374-1263-43
Byron Davis,8968090,b.davis@randatmail.com,920-1846-39
Samantha Adams,9756556,s.adams@randatmail.com,812-4555-97
April Mitchell,9354515,a.mitchell@randatmail.com,093-7654-56
Albert Davis,7650183,a.davis@randatmail.com,051-4997-42
Derek Hawkins,4457170,d.hawkins@randatmail.com,075-7574-57
Gianna Farrell,6777892,g.farrell@randatmail.com,850-9305-98
Gianna Morrison,826210,g.morrison@randatmail.com,385-3995-25
Ryan Rogers,1569039,r.rogers@randatmail.com,488-2081-88
Amelia Bennett,153258,a.bennett@randatmail.com,686-0602-75
Garry Adams,8957464,g.adams@randatmail.com,629-4345-88
Arthur Wright,5692743,a.wright@randatmail.com,065-3552-07
George Wells,355136,g.wells@randatmail.com,464-1682-52
Derek Clark,7472361,d.clark@randatmail.com,436-2620-29
Audrey Riley,3814001,a.riley@randatmail.com,998-3136-79
Lenny Farrell,7277598,l.farrell@randatmail.com,422-3889-54
Daryl Myers,704063,d.myers@randatmail.com,002-2393-47
Adam Warren,4470770,a.warren@randatmail.com,992-6252-87
Edgar Foster,173064,e.foster@randatmail.com,251-1141-08
Alen Murphy,3772862,a.murphy@randatmail.com,135-8006-14
Belinda Phillips,3523584,b.phillips@randatmail.com,894-4305-58
David Edwards,1401380,d.edwards@randatmail.com,779-4961-93
Lily Hunt,6263778,l.hunt@randatmail.com,849-9602-10
Daniel Kelly,1667927,d.kelly@randatmail.com,375-3965-36
Spike Jones,4967142,s.jones@randatmail.com,666-3949-68
Rubie Perkins,3867763,r.perkins@randatmail.com,457-8171-06
Tyler Harris,1186444,t.harris@randatmail.com,005-8194-30
Aldus Lloyd,4025958,a.lloyd@randatmail.com,484-8114-93
Michelle Fowler,4986332,m.fowler@randatmail.com,362-0629-04
Maria Gibson,7358448,m.gibson@randatmail.com,448-1983-84
Sam Armstrong,8951804,s.armstrong@randatmail.com,595-0928-27
Tiana Richardson,5503541,t.richardson@randatmail.com,176-8726-77
John Gibson,4963838,j.gibson@randatmail.com,113-7224-73
Steven Wells,7481457,s.wells@randatmail.com,218-0978-13
Chloe Carroll,2134103,c.carroll@randatmail.com,584-7642-52
Abraham Holmes,2339152,a.holmes@randatmail.com,265-2213-34
Robert Grant,7051994,r.grant@randatmail.com,334-2266-16
Miller Bailey,897151,m.bailey@randatmail.com,643-7106-97
Sawyer Bennett,9440028,s.bennett@randatmail.com,577-0730-03
Sarah Baker,3511892,s.baker@randatmail.com,626-5218-23
Alissa Harris,7135970,a.harris@randatmail.com,475-1172-32
Vincent Wilson,579590,v.wilson@randatmail.com,754-2939-20
Alexander Riley,257832,a.riley@randatmail.com,530-4072-92
Daryl Carroll,3004556,d.carroll@randatmail.com,265-6252-02
Rubie Murray,9491084,r.murray@randatmail.com,398-2101-78
Maria Hunt,4161065,m.hunt@randatmail.com,925-4755-00
Florrie Stevens,1508343,f.stevens@randatmail.com,269-8103-23
Ryan Anderson,1971421,r.anderson@randatmail.com,433-4541-94
Annabella Chapman,4994513,a.chapman@randatmail.com,408-0319-01
Ada Lloyd,7264572,a.lloyd@randatmail.com,447-6580-54
Spike Ellis,3492114,s.ellis@randatmail.com,683-1331-65
Sydney Myers,7069859,s.myers@randatmail.com,013-8875-95
Gianna Wilson,2140217,g.wilson@randatmail.com,215-4175-35
Eddy Henderson,6587399,e.henderson@randatmail.com,140-6834-98
Aida Barnes,8112642,a.barnes@randatmail.com,162-0815-19
Ellia Roberts,5493543,e.roberts@randatmail.com,949-0069-66
James Morgan,7175418,j.morgan@randatmail.com,957-2767-47
Vincent Owens,5080579,v.owens@randatmail.com,192-7104-93
Reid Chapman,4207818,r.chapman@randatmail.com,137-1193-96
Evelyn Anderson,2771624,e.anderson@randatmail.com,156-5665-62
Daryl Wells,2330415,d.wells@randatmail.com,696-2505-75
Melanie Hamilton,5138815,m.hamilton@randatmail.com,353-2639-64
Paul Turner,1067316,p.turner@randatmail.com,305-4795-06
Deanna Cameron,5456636,d.cameron@randatmail.com,664-6197-74
Garry Chapman,7690574,g.chapman@randatmail.com,647-7825-82
Chelsea Phillips,1966277,c.phillips@randatmail.com,842-7319-83
Fiona Casey,4343167,f.casey@randatmail.com,511-6895-11
Vivian Spencer,4363301,v.spencer@randatmail.com,991-8818-82
Kevin Barnes,5720750,k.barnes@randatmail.com,925-0195-94
Henry Cameron,8060533,h.cameron@randatmail.com,891-1756-50
Chelsea Cunningham,104309,c.cunningham@randatmail.com,516-8720-75
Edgar Douglas,8144074,e.douglas@randatmail.com,273-2258-02
Alen Watson,8331869,a.watson@randatmail.com,918-5312-50
Vivian Ferguson,7719162,v.ferguson@randatmail.com,980-1952-12
Jared Andrews,1875372,j.andrews@randatmail.com,726-8431-90
Caroline Ellis,7960862,c.ellis@randatmail.com,553-6852-63
Naomi Bennett,9010179,n.bennett@randatmail.com,388-1968-32
Joyce Barnes,24042,j.barnes@randatmail.com,499-1884-20
Chester Carroll,7311828,c.carroll@randatmail.com,320-1141-22
Sawyer Baker,3634521,s.baker@randatmail.com,261-0059-40
Eddy Taylor,8515603,e.taylor@randatmail.com,769-5219-27
Alan Ross,7921445,a.ross@randatmail.com,527-7952-50
April Williams,1027664,a.williams@randatmail.com,549-7133-03
Maria Harper,606848,m.harper@randatmail.com,050-6940-22
Myra Cooper,7066622,m.cooper@randatmail.com,172-4205-06
Victoria Nelson,7686213,v.nelson@randatmail.com,076-9744-75
Hailey Scott,4725268,h.scott@randatmail.com,711-3626-95
Fiona Gibson,4900899,f.gibson@randatmail.com,037-8621-14
Abigail Harper,5019566,a.harper@randatmail.com,244-1830-25
Edith Douglas,1193132,e.douglas@randatmail.com,470-4449-26
Dale Gray,4775545,d.gray@randatmail.com,873-2143-78
Carina Johnson,5068473,c.johnson@randatmail.com,147-7418-57
Freddie Anderson,7393653,f.anderson@randatmail.com,647-2912-29
Max Hill,7398308,m.hill@randatmail.com,678-3421-98
Heather Scott,8432046,h.scott@randatmail.com,905-5143-40
Fiona Perkins,4991182,f.perkins@randatmail.com,975-5904-37
Brianna Perkins,699800,b.perkins@randatmail.com,730-3021-74
Connie Brown,8699414,c.brown@randatmail.com,682-3392-60
Bruce Reed,2088034,b.reed@randatmail.com,822-5834-78
Nicholas Armstrong,1801174,n.armstrong@randatmail.com,076-0543-23
Adrian Watson,1024996,a.watson@randatmail.com,337-9274-44
Ryan Walker,612755,r.walker@randatmail.com,119-0747-18
Mike Evans,4192492,m.evans@randatmail.com,696-7222-48
Daisy Brooks,7722070,d.brooks@randatmail.com,987-4011-82
Eddy Roberts,4551492,e.roberts@randatmail.com,972-3066-33
Penelope Richardson,7107182,p.richardson@randatmail.com,377-2820-92
Olivia Scott,7848851,o.scott@randatmail.com,757-0123-22
Antony Sullivan,8177543,a.sullivan@randatmail.com,500-6946-56
Carina Davis,636256,c.davis@randatmail.com,104-5170-15
Mike Taylor,7927463,m.taylor@randatmail.com,892-5939-20
Anna Barrett,6606264,a.barrett@randatmail.com,124-9310-13
Agata Morgan,8740228,a.morgan@randatmail.com,571-0503-20
Cadie Warren,8190897,c.warren@randatmail.com,760-7470-93
Julian Campbell,7584692,j.campbell@randatmail.com,240-7346-33
Roland Rogers,5435849,r.rogers@randatmail.com,063-7070-63
Audrey Tucker,5958294,a.tucker@randatmail.com,399-0847-92
Arnold Thomas,7906477,a.thomas@randatmail.com,326-8423-93
Edwin Adams,8050839,e.adams@randatmail.com,556-3424-62
Miller Roberts,8895075,m.roberts@randatmail.com,124-4470-14
Elian Thomas,3712016,e.thomas@randatmail.com,276-3393-73
Catherine Perry,5467440,c.perry@randatmail.com,482-4642-66
Abigail Johnson,9322748,a.johnson@randatmail.com,616-0361-72
Adrian Farrell,3398341,a.farrell@randatmail.com,825-7968-46
Alisa Scott,5685803,a.scott@randatmail.com,756-0376-20
Aldus Gibson,46696,a.gibson@randatmail.com,088-1007-90
Natalie Harper,2338245,n.harper@randatmail.com,726-5005-99
Maddie Watson,3947517,m.watson@randatmail.com,647-8273-83
Clark Morrison,1121707,c.morrison@randatmail.com,580-3833-17
Daisy Wilson,2380101,d.wilson@randatmail.com,208-5078-62
Max Owens,7210823,m.owens@randatmail.com,353-7844-96
Kellan Wright,5461944,k.wright@randatmail.com,092-2673-42
Preston Owens,6496475,p.owens@randatmail.com,761-8839-46
Oliver Harris,1469481,o.harris@randatmail.com,481-7091-26
Chloe Owens,4752293,c.owens@randatmail.com,949-4652-29
Alford Casey,9484067,a.casey@randatmail.com,150-5533-40
Frederick Craig,4707115,f.craig@randatmail.com,059-2801-90
Rafael Ellis,5167907,r.ellis@randatmail.com,052-9277-72
Mike Morrison,3655708,m.morrison@randatmail.com,888-5085-11
Sawyer Harrison,7713681,s.harrison@randatmail.com,067-7170-61
Victoria Warren,6752672,v.warren@randatmail.com,692-0704-40
Kelvin Stewart,6123058,k.stewart@randatmail.com,657-1625-67
Deanna Smith,1601339,d.smith@randatmail.com,085-9244-55
Spike Hill,792720,s.hill@randatmail.com,550-4064-26
Harold Clark,6970043,h.clark@randatmail.com,812-3554-72
David Riley,1847467,d.riley@randatmail.com,112-5061-28
Frederick Higgins,3919026,f.higgins@randatmail.com,512-5656-56
Rafael Davis,5582465,r.davis@randatmail.com,413-6186-49
Lilianna Kelley,1892145,l.kelley@randatmail.com,141-5075-99
Samantha Lloyd,7246248,s.lloyd@randatmail.com,252-5747-71
Carlos Richardson,5343360,c.richardson@randatmail.com,872-2672-78
Carina Taylor,4035558,c.taylor@randatmail.com,275-9243-94
Vanessa Harper,1961536,v.harper@randatmail.com,946-0103-87
Michael Harrison,7370617,m.harrison@randatmail.com,501-5613-28
Amelia Ryan,9880957,a.ryan@randatmail.com,766-3741-63
Sofia Phillips,4238895,s.phillips@randatmail.com,495-4864-14
Adam Taylor,6032611,a.taylor@randatmail.com,778-9990-70
Oliver Crawford,9538654,o.crawford@randatmail.com,341-4124-32
Charlie Johnston,9756563,c.johnston@randatmail.com,832-5538-83
Daniel Stewart,301806,d.stewart@randatmail.com,831-8067-40
Heather Henderson,9608729,h.henderson@randatmail.com,547-6789-67
Alberta Gibson,3574291,a.gibson@randatmail.com,334-9548-60
Rosie Miller,8374578,r.miller@randatmail.com,283-9018-61
Sabrina Barnes,1042518,s.barnes@randatmail.com,157-4037-17
Jenna Gibson,7780919,j.gibson@randatmail.com,437-1698-54
Reid Andrews,2332582,r.andrews@randatmail.com,073-6654-03
Samantha Murray,9082159,s.murray@randatmail.com,215-4437-03
Alford Harrison,941698,a.harrison@randatmail.com,922-7850-44
